{"lr": 0.0002477454909819639, "data_time": 0.010691914558410644, "loss": 0.8539155232906341, "loss_rpn_cls": 0.669160692691803, "loss_rpn_bbox": 0.08110939940437674, "s0.loss_cls": 0.04971244605258107, "s0.acc": 99.31640625, "s0.loss_bbox": 0.005827013704692945, "s1.loss_cls": 0.026920590214431286, "s1.acc": 99.21875, "s1.loss_bbox": 0.005109238189470488, "s2.loss_cls": 0.014149517551995814, "s2.acc": 99.4140625, "s2.loss_bbox": 0.0019266299564696964, "time": 0.9318164110183715, "epoch": 1, "iter": 50, "memory": 7252, "step": 50}
{"lr": 0.0004979959919839679, "data_time": 0.006262431144714356, "loss": 1.0112343895435334, "loss_rpn_cls": 0.48257136285305025, "loss_rpn_bbox": 0.06518592732492834, "s0.loss_cls": 0.16471567497355863, "s0.acc": 93.359375, "s0.loss_bbox": 0.042425767227541655, "s1.loss_cls": 0.10153878546785564, "s1.acc": 89.453125, "s1.loss_bbox": 0.0614498055720469, "s2.loss_cls": 0.051340217893011866, "s2.acc": 91.30859375, "s2.loss_bbox": 0.04200684839270252, "time": 0.9840925741195679, "epoch": 1, "iter": 100, "memory": 7808, "step": 100}
{"lr": 0.0007482464929859718, "data_time": 0.0062540388107299805, "loss": 0.8114679509401321, "loss_rpn_cls": 0.22964647069573402, "loss_rpn_bbox": 0.047897363658994434, "s0.loss_cls": 0.16109610218554735, "s0.acc": 98.14453125, "s0.loss_bbox": 0.05961979351006448, "s1.loss_cls": 0.0940297992900014, "s1.acc": 98.4375, "s1.loss_bbox": 0.09567672969773412, "s2.loss_cls": 0.054567468836903575, "s2.acc": 99.0234375, "s2.loss_bbox": 0.06893422033637762, "time": 0.9406044721603394, "epoch": 1, "iter": 150, "memory": 8144, "step": 150}
{"lr": 0.0009984969939879755, "data_time": 0.005903959274291992, "loss": 0.8347138422727585, "loss_rpn_cls": 0.17211994223296642, "loss_rpn_bbox": 0.05239369069226086, "s0.loss_cls": 0.18689464211463927, "s0.acc": 93.1640625, "s0.loss_bbox": 0.07267700238153338, "s1.loss_cls": 0.10327727789059281, "s1.acc": 91.79647064208984, "s1.loss_bbox": 0.10954392625018955, "s2.loss_cls": 0.059171390635892746, "s2.acc": 88.52631378173828, "s2.loss_bbox": 0.07863597454503178, "time": 0.927534146308899, "epoch": 1, "iter": 200, "memory": 6786, "step": 200}
{"lr": 0.001248747494989979, "data_time": 0.005857515335083008, "loss": 0.8253610941767693, "loss_rpn_cls": 0.12872516490519048, "loss_rpn_bbox": 0.0508500199043192, "s0.loss_cls": 0.19031298242509365, "s0.acc": 96.19140625, "s0.loss_bbox": 0.08276168191805482, "s1.loss_cls": 0.10177129752933979, "s1.acc": 95.8543930053711, "s1.loss_bbox": 0.12466201867908239, "s2.loss_cls": 0.05642590522766113, "s2.acc": 93.93326568603516, "s2.loss_bbox": 0.08985202465206385, "time": 0.9224885272979736, "epoch": 1, "iter": 250, "memory": 8178, "step": 250}
{"lr": 0.0014989979959919811, "data_time": 0.006715445518493652, "loss": 0.873777192234993, "loss_rpn_cls": 0.09845264066010713, "loss_rpn_bbox": 0.0436751011852175, "s0.loss_cls": 0.22629145234823228, "s0.acc": 90.234375, "s0.loss_bbox": 0.08701715787872671, "s1.loss_cls": 0.12090980798006058, "s1.acc": 92.33954620361328, "s1.loss_bbox": 0.1347512175515294, "s2.loss_cls": 0.0663218180090189, "s2.acc": 89.68008422851562, "s2.loss_bbox": 0.09635798908770084, "time": 0.9082471084594727, "epoch": 1, "iter": 300, "memory": 8270, "step": 300}
{"lr": 0.001749248496993985, "data_time": 0.006518430709838867, "loss": 0.8816762346029282, "loss_rpn_cls": 0.08700807597488165, "loss_rpn_bbox": 0.050270305681042377, "s0.loss_cls": 0.22878488324582577, "s0.acc": 94.62890625, "s0.loss_bbox": 0.08864107258617877, "s1.loss_cls": 0.1247352696210146, "s1.acc": 98.14453125, "s1.loss_bbox": 0.1380980234593153, "s2.loss_cls": 0.06772756161168218, "s2.acc": 92.75929260253906, "s2.loss_bbox": 0.09641102962195873, "time": 0.9433343935012818, "epoch": 1, "iter": 350, "memory": 9819, "step": 350}
{"lr": 0.0019994989979959885, "data_time": 0.006186079978942871, "loss": 0.8458290889859199, "loss_rpn_cls": 0.07945176733657718, "loss_rpn_bbox": 0.045494974963366984, "s0.loss_cls": 0.2277373717725277, "s0.acc": 93.65234375, "s0.loss_bbox": 0.08847118746489287, "s1.loss_cls": 0.12000634673982859, "s1.acc": 94.140625, "s1.loss_bbox": 0.12702735692262648, "s2.loss_cls": 0.06402174210175872, "s2.acc": 94.62890625, "s2.loss_bbox": 0.09361833749338984, "time": 0.9234401941299438, "epoch": 1, "iter": 400, "memory": 8377, "step": 400}
{"lr": 0.0022497494989979923, "data_time": 0.004869561195373535, "loss": 0.8808620357513428, "loss_rpn_cls": 0.0757805342040956, "loss_rpn_bbox": 0.04310820544138551, "s0.loss_cls": 0.23522844269871712, "s0.acc": 78.90625, "s0.loss_bbox": 0.09687485365197063, "s1.loss_cls": 0.12220886155962944, "s1.acc": 76.77165222167969, "s1.loss_bbox": 0.1421179561689496, "s2.loss_cls": 0.06488448707386851, "s2.acc": 73.91732025146484, "s2.loss_bbox": 0.10065870720893144, "time": 0.8507284164428711, "epoch": 1, "iter": 450, "memory": 7127, "step": 450}
{"lr": 0.002499999999999994, "data_time": 0.006016578674316406, "loss": 0.9921659636497497, "loss_rpn_cls": 0.08539879156276584, "loss_rpn_bbox": 0.0517065513972193, "s0.loss_cls": 0.28885033443570135, "s0.acc": 96.38671875, "s0.loss_bbox": 0.10093253642320633, "s1.loss_cls": 0.15076422449201346, "s1.acc": 97.56356048583984, "s1.loss_bbox": 0.13947385467588902, "s2.loss_cls": 0.07832869160920382, "s2.acc": 98.90470886230469, "s2.loss_bbox": 0.09671098690479994, "time": 0.9243822383880616, "epoch": 1, "iter": 500, "memory": 7691, "step": 500}
{"lr": 0.002499999999999994, "data_time": 0.006080169677734375, "loss": 0.9713037043809891, "loss_rpn_cls": 0.06289590643718838, "loss_rpn_bbox": 0.04540703790262342, "s0.loss_cls": 0.28798417255282405, "s0.acc": 93.75, "s0.loss_bbox": 0.10510317787528038, "s1.loss_cls": 0.1556163375079632, "s1.acc": 95.32994842529297, "s1.loss_bbox": 0.14446222074329854, "s2.loss_cls": 0.07906137567013502, "s2.acc": 90.71949768066406, "s2.loss_bbox": 0.09077348262071609, "time": 0.9313897275924683, "epoch": 1, "iter": 550, "memory": 7069, "step": 550}
{"lr": 0.002499999999999994, "data_time": 0.005582599639892578, "loss": 0.8965568673610688, "loss_rpn_cls": 0.06810507912188768, "loss_rpn_bbox": 0.04580070614814758, "s0.loss_cls": 0.24162804409861566, "s0.acc": 95.21484375, "s0.loss_bbox": 0.09148876463994383, "s1.loss_cls": 0.13158630341291427, "s1.acc": 93.45703125, "s1.loss_bbox": 0.14382830075919628, "s2.loss_cls": 0.06838119927793741, "s2.acc": 93.65234375, "s2.loss_bbox": 0.10573848344385624, "time": 0.8769153356552124, "epoch": 1, "iter": 600, "memory": 6762, "step": 600}
{"lr": 0.002499999999999994, "data_time": 0.005479297637939453, "loss": 0.9980296838283539, "loss_rpn_cls": 0.08171548867598176, "loss_rpn_bbox": 0.05221453586127609, "s0.loss_cls": 0.27970460563898086, "s0.acc": 88.57421875, "s0.loss_bbox": 0.1107842530310154, "s1.loss_cls": 0.14359369911253453, "s1.acc": 88.11395263671875, "s1.loss_bbox": 0.15205868765711783, "s2.loss_cls": 0.07687209760770201, "s2.acc": 87.5245590209961, "s2.loss_bbox": 0.10108631610870361, "time": 0.9320174026489257, "epoch": 1, "iter": 650, "memory": 6555, "step": 650}
{"lr": 0.002499999999999994, "data_time": 0.006307210922241211, "loss": 0.9120233821868896, "loss_rpn_cls": 0.0505411515943706, "loss_rpn_bbox": 0.03605661893961951, "s0.loss_cls": 0.2730007967352867, "s0.acc": 93.84765625, "s0.loss_bbox": 0.09690390527248383, "s1.loss_cls": 0.14424972828477622, "s1.acc": 95.97523498535156, "s1.loss_bbox": 0.13956792164593934, "s2.loss_cls": 0.07542882259935141, "s2.acc": 95.45923614501953, "s2.loss_bbox": 0.09627444367855788, "time": 0.9208522176742554, "epoch": 1, "iter": 700, "memory": 7486, "step": 700}
{"lr": 0.002499999999999994, "data_time": 0.006382460594177246, "loss": 0.9406277894973755, "loss_rpn_cls": 0.08596366602927447, "loss_rpn_bbox": 0.040622569397091864, "s0.loss_cls": 0.2732544331997633, "s0.acc": 97.75390625, "s0.loss_bbox": 0.09329253373667598, "s1.loss_cls": 0.14257762026041745, "s1.acc": 98.09428405761719, "s1.loss_bbox": 0.13572452176362276, "s2.loss_cls": 0.07089940367266535,